company_name,company_location,job_title,hasRevit,hasCAD,hasRhino,hasDynamo,requiresLicense,hasAdobe,hasGsuite,hasOffice,hasBlueBeam,hasArchiCAD,has3DMax,hasNewforma,hasVectorworks,hasGrasshopper,salaryLow,salayHigh
Consulting For Architects Inc.,Hybrid remote in New York NY 10018,Intermediate Architect  Healthcare,true,false,false,false,0,0,0,0,false,false,0,false,false,false,65000,75000
Neolith Group - TheSize Surfaces,Carlstadt NJ 07072,Project ManagerArchitectural Designer,false,false,false,false,0,0,0,0,false,false,0,false,false,false,,
Consulting For Architects Inc.,New York NY 10001NoMad area4 locations,Mid Level Architect  Hospitality and Residential,true,false,false,false,0,0,0,0,false,false,0,false,false,false,65000,110000
Zproekt Architecture,Brooklyn NY 11235,ArchitectArchitectural DesignerJunior Architect,true,false,false,false,0,0,0,0,false,false,0,false,false,false,60000,80000
Bespoke Careers,Hybrid remote in New York NY 10013,Intermediate Architect - HealthcareLabsResearch,true,true,false,false,0,0,0,0,false,false,0,false,false,false,75000,95000
Confidential,New York NY 10022Midtown area,Residential Design Architect,false,true,false,false,1,1,0,0,false,false,0,false,false,false,83000,125000
Northwell Health,New York NY 10060Chelsea area,Architect,false,false,false,false,0,0,0,0,false,false,0,false,false,false,85090,147220
Burlington Stores,Remote in New York NY 10176,Architect - REMOTE New York,false,true,false,false,0,0,0,0,false,false,0,false,false,false,83000,120000
BDP UK,New York NY,Junior ArchitectDesigner,true,false,false,false,0,1,0,0,false,false,0,false,false,false,,
SRA Architecture  Engineering,New York NY 10013Tribeca area,Intermediate Architect,false,true,true,false,0,0,0,0,false,false,0,false,false,false,55000,75000
Curtis  Ginsberg Architects,New York NY 10004Financial District area,JUNIOR ARCHITECT,true,false,false,false,0,0,0,0,false,false,0,false,false,false,,
MKDA,New York NY 10010Flatiron area,Junior Architect  NY,true,true,false,false,0,0,0,0,false,false,0,false,false,false,,
Avant Search,New York NY 10001Garment District area,Project Architect,false,false,false,false,0,0,0,0,false,false,0,false,false,false,86234,91436
Actalent,Dumont NJ 07628,Designer,true,false,false,false,0,0,0,0,false,false,0,false,false,false,,
The City University of New York CUNY,Brooklyn NY,Architect Level II,false,false,false,false,0,0,0,0,false,false,0,false,false,false,,
K. Hovnanian Companies,Hybrid remote in New York NY 100141 location,Architectural Associate I,false,true,false,false,0,0,0,0,false,false,0,false,false,false,,
EwingCole,Hybrid remote in New York NY 10122,Architect I,true,true,true,false,0,0,0,1,false,false,1,false,false,true,80000,100000
WSP,Hybrid remote in New York NY 101191 location,Consultant Architect,true,true,false,false,0,1,0,0,false,false,0,false,false,false,68800,128900
Kenneth Park Architect PLLC,New York NY 10017Murray Hill area1 location,Architects - All levels,true,true,false,false,0,0,0,0,false,false,0,false,false,false,45000,100000
BDP UK,New York NY,Intermediate Architect,true,false,false,false,0,0,0,0,false,false,0,false,false,false,,
LI Architect,Flushing NY 11354,Junior and Intermediate Architect andor project manager,false,true,false,false,0,0,0,0,false,false,0,false,false,false,,
EDI INTERNATIONAL,New York NY,Architect - Multi-family - New York,true,false,false,false,0,0,0,0,false,false,0,false,false,false,,
Dormitory Authority of the State of New York...,New York NY 10005Financial District area,Architect,false,false,false,false,0,0,0,0,false,false,0,false,false,false,94930,117837
Marvel,New York NY,Junior Architect,true,true,true,false,1,0,0,0,false,false,0,false,false,false,,
Callison,New York NY,Junior Architect,true,true,true,false,1,0,0,0,false,false,0,false,false,false,,
Corgan,New York NY 10118Murray Hill area,Architect  Workplace Interiors,true,false,false,false,0,0,0,0,false,false,0,false,false,false,,
HNTB Corporation,New York NY 10176Murray Hill area,Junior Architect,true,true,false,false,0,1,0,0,true,false,0,false,false,false,,
RKTB Architects,New York NY,JUNIOR  INTERMEDIATE ARCHITECT,true,true,false,false,0,0,0,0,false,false,0,false,false,false,,
Consulting For Architects Inc.,New York NY 10001NoMad area,Junior Architect,false,true,false,false,0,0,0,0,false,false,0,false,false,false,,
DLR Group,Hybrid remote in New York NY 10016,ArchitectureProject Designer Entry-Level,true,true,false,false,0,0,0,0,false,false,0,false,false,false,,
di Domenico  Partners,Long Island City NY 11101,Mid-Level Architect,false,true,false,false,0,1,0,0,true,false,0,false,false,false,80000,120000
nC2 architecture,Brooklyn NY 11238Fort Green area,Intermediate Architect,false,false,false,false,0,0,0,0,false,false,0,false,false,false,,
Soho House  Co.,New York NY 10002Lower East Side area,Senior Architect,true,false,false,false,0,1,0,0,false,false,0,false,false,false,100000,115000
Vincent Cusumano Architect P.C.,Millburn NJ 07041,Intermediate Architect NOT REMOTE,true,true,true,false,0,0,0,1,false,false,0,false,false,false,55000,65000
Corgan,New York NY 10118Murray Hill area,Architect  Aviation,true,false,false,false,0,0,0,0,false,false,0,false,false,false,69000,119000
Golden Glow Architectural Studios DPC,Lynbrook NY 11563,Junior Architect,true,true,false,false,0,0,0,1,false,false,0,false,false,false,,
NYC School Construction Authority,Queens NY 11101,Associate Architect AB AE In-House Design Studio,false,false,false,false,0,0,0,0,false,false,0,false,false,false,,
Guerin Glass Architects,Brooklyn NY,Junior Architect,true,true,true,false,0,1,0,0,false,false,0,false,false,false,,
Empire State Development NYS,New York NY 10017Tudor City area,Senior Architect,false,false,false,false,0,0,0,0,false,false,0,false,false,false,90000,110000
WATG,Hybrid remote in New York NY 10017,Intermediate Architect,true,false,false,false,0,0,0,0,false,false,0,false,false,false,,
Atelier Ten,Hybrid remote in New York NY 10003,Design Staff,true,true,true,false,0,1,0,0,false,false,0,false,false,true,,
ZGF Architects,New York NY 10011Chelsea area,Mid-Level Architect,true,false,true,false,1,0,0,0,false,false,0,true,false,false,80000,108000
Davis Brody Bond,New York NY 10004Financial District area1 location,Intermediate Architect for Conceptual Design through Construction Documents,true,true,true,true,0,0,0,0,false,false,1,false,false,false,,
Jacobs,New York NY 10002Lower East Side area,Project Architect Diverse Portfolio,true,true,false,false,0,0,0,0,true,false,0,false,false,false,73900,97050
Nova,Hybrid remote in Brooklyn NY 11201,Intermediate Architect,true,true,false,false,0,0,0,0,false,false,0,false,false,false,84186,93669
Oza Sabbeth Architects,New York NY 10007Tribeca area,Project DesignerArchitect Interior Architecture,false,false,false,false,0,0,0,0,false,true,0,false,false,false,61219,100000
VCA,Millburn NJ 07041,Junior Architect,false,true,false,false,0,0,0,0,false,false,0,false,false,false,,
OLI ARCHITECTURE,New York NY 10011Flatiron area,Revit Designer Associate Architect,false,false,false,false,1,0,0,0,false,false,0,false,false,false,,
H2M architects  engineers,New York NY 10001Chelsea area,Sr. Architect,true,true,false,false,0,0,0,0,false,false,0,false,false,false,110000,150000
Bank of China,New York NY 10018Garment District area,Architect Associate,false,false,false,false,0,0,0,0,false,false,0,false,false,false,42000,90000
Metropolitan Transportation Authority,Manhattan NY,Chief Architect,false,false,false,false,1,0,0,0,false,false,0,false,false,false,,
HDR,New York NY1 location,Architect CivicTransportation,false,false,false,false,1,0,0,0,false,false,0,false,false,false,,
Bergen Street Studio for Architecture,Brooklyn NY 11201,Architect,false,true,true,false,0,1,0,1,false,false,0,false,false,false,65000,80000
Facade Maintenance Design Architecture And...,New York NY 10001Garment District area,Restoration Architect,false,false,false,false,0,0,0,0,false,false,0,false,false,false,,
EwingCole,Hybrid remote in New York NY 10122,Mid-Level Architect - Healthcare Studio,true,true,true,false,0,0,0,1,false,false,1,false,false,true,90000,120000
Metropolitan Transportation Authority,Manhattan NY,Architect,false,false,false,false,1,0,0,0,false,false,0,false,false,false,,
Ovadia Design Group,New York NY 10038Financial District area,Interior Architect,false,true,false,false,0,0,0,0,false,false,0,false,false,false,,
Gensler,New York NY2 locations,Architect - Workplace - Mid Level,true,true,false,false,0,1,0,1,true,false,0,false,false,false,,
Golden Glow Architectural Studios DPC,Lynbrook NY 11563,Intermediate Architect,true,true,false,false,0,0,0,1,false,false,0,false,false,false,,
EME Consulting Engineering Group,New York NY 10001Chelsea area,Architect,false,false,false,false,0,0,0,0,false,false,0,false,false,false,,
Consulting For Architects Inc.,Brooklyn NY1 location,Senior Project Architect  Construction Admin PublicInstitutional,true,true,false,false,0,0,0,0,false,false,0,false,false,false,100000,150000
PVE LLC,New York NY 10018Clinton area,Architect - Multi-family - New York,true,false,false,false,0,0,0,0,false,false,0,false,false,false,65000,85000
SUNY Downstate Medical Center,Brooklyn NY 11203,Project Manager Design and Construction,false,true,false,false,1,0,0,0,false,false,0,false,false,false,,
Peter F Gaito  Associates,White Plains NY 10605,Junior Architect,false,true,false,false,0,0,0,0,false,false,0,false,true,false,57714,62671
Empire State Development,New York NY 10017Tudor City area,Sr. Architect,false,false,false,false,0,0,0,0,false,false,0,false,false,false,100000,110000
Posen Architects LLC,West Orange NJ 07052,Intermediate Architect- Revit,true,false,false,false,0,0,0,0,false,false,0,false,false,false,,
Metropolitan Transportation Authority,Manhattan NY,Principal Architect,false,false,false,false,1,0,0,0,false,false,0,false,false,false,,
Exponent,New York NY 10170Midtown area,Managing EngineerArchitect,false,false,false,false,0,0,0,0,false,false,0,false,false,false,120000,150000
T.Y. Lin International,New York NY 10005Financial District area,Project Architect,true,true,false,false,1,0,0,0,false,false,0,false,false,false,84400,126600
Hoffmann Architects and Engineers,New York NY,Entry-Level Architect  Structural Engineer,false,true,false,false,0,0,0,0,false,false,0,true,false,false,,
Steven Kuo Architect PLLC,Flushing NY 11354,Full-Time Junior Architect  Entry-Level Designer,true,true,false,false,0,0,0,1,false,false,0,false,false,false,,
SUPERSTRUCTURES Engineering  Architecture PLLC,Hybrid remote in New York NY 10005,Building Envelope Project Architect,false,false,false,false,0,0,0,0,false,false,0,false,false,false,65000,100000
Kahn Architecture  Design PC,Hybrid remote in New York NY 10036,Project Manager - Architecture,false,true,false,false,0,0,0,0,false,false,0,false,false,false,,
Rise Architecture,Brooklyn NY 11232Greenwood area,Project Architect  Designer,true,true,false,false,1,0,0,0,false,false,0,false,false,false,65000,80000
N2 Design  Architecture PC,Port Washington NY 11050,Jr. Architect,true,true,false,false,1,0,0,0,false,false,0,false,false,false,,
Dormitory Authority State of New York,New York NY 10005Financial District area,Architect,false,false,false,false,0,0,0,0,false,false,0,false,false,false,94930,117837
Frank Seta  Associates,New York NY 10001Garment District area,Project ArchitectDesigner,true,false,false,false,0,0,0,0,false,false,0,false,false,false,80000,100000
Gilsanz Murray Steficek,New York NY1 location,Senior Architect and Entry-Level Building Faade Positions,true,true,false,false,0,0,0,0,false,false,0,false,false,false,60000,80000
ARC Architecture  Design Studio,Forest Hills NY 11375,Junior to Intermediate Architects,false,true,false,false,0,0,0,0,false,false,0,false,false,false,55000,65000
Skidmore Owings  Merrill,New York NY,Designer - Interiors Workplace,true,false,true,false,0,0,0,0,false,false,0,false,false,true,,
PerkinsWill,New York NY 10001Chelsea area,Designer III,true,false,true,false,0,0,0,0,false,false,0,false,false,true,75000,85000
FORD LININGER AGENCY,New York NY 10004Financial District area,Architectural Designer,false,true,true,false,0,1,0,0,false,false,0,false,true,false,85000,100000
Mark Weinberger Architects,Brooklyn NY 11204Mapleton-Flatlands area,Junior Architect,true,true,false,false,0,0,0,0,false,false,0,false,false,false,,
AECOM,Hybrid remote in New York NY 10259,Design-Build Project Manager,true,true,false,false,1,0,0,0,false,false,0,false,false,false,155000,180000
CannonDesign,New York NY 10017Midtown area,Senior Project Architect - Healthcare,true,false,false,false,0,0,0,0,true,false,0,false,false,false,130000,150000
EwingCole,Hybrid remote in New York NY 10122,Senior Architect - Healthcare Practice,true,true,true,false,0,0,0,1,false,false,1,false,false,true,110000,140000
NYC School Construction Authority,Queens NY 11101,Managing Architect AB AE In-House Design Studio,false,false,false,false,0,0,0,0,false,false,0,false,false,false,,
WSP,Hybrid remote in New York NY 10119,Sr. Consultant Architect,true,true,true,false,0,1,0,0,false,false,0,false,false,false,78300,157000
JPT Architects PC,Remote in Jersey City NJ,ArchitectProject Architect,true,true,true,false,0,1,0,0,false,false,0,false,false,false,50000,120000
FXCollaborative,Brooklyn NY 11201,Intermediate Architect,true,true,false,false,0,0,0,0,false,false,0,false,false,false,75000,95000
Gilsanz Murray Steficek LLP Engineers and...,New York NY 10001Chelsea area,Architect Senior,true,true,false,false,0,0,0,1,false,false,0,false,false,false,70000,90000
Volmar Construction,Brooklyn NY 11232Greenwood area,Architect,false,true,false,false,0,0,0,0,false,false,0,false,false,false,,
EwingCole,Hybrid remote in New York NY 10122,Architectural Project Manager - Healthcare Practice,false,false,false,false,0,0,0,0,false,false,0,false,false,false,110000,140000
Ronnette Riley Architect,New York NY 10001Garment District area,Project Architect with 10 to 20 Years Experience,true,true,false,false,0,0,0,0,false,false,0,false,false,false,80000,150000
PerkinsWill,New York NY 10001Chelsea area,Senior Project Architect - Science and Technology,true,false,false,false,0,0,0,0,false,false,0,false,false,false,120000,160000
OS Associates Inc.,New York NY 10018Garment District area,Project Architect  Project Manager,false,true,false,false,0,0,0,0,false,false,0,false,false,false,87500,125000
Vidi Consulting LLC,New York NY 10003Flatiron area,Project Architect  Project Manager,true,false,false,false,0,0,0,0,false,false,0,false,false,false,80000,115000
Wimberly Allison Tong  Goo Inc.,Hybrid remote in New York NY 10017,Intermediate Architect,true,false,false,false,0,0,0,0,false,false,0,false,false,false,,
OMI Consulting LLC,New York NY 10003Flatiron area2 locations,Project Architect,true,true,false,false,0,1,0,0,false,false,0,false,false,false,75000,90000
METHOD Architects PLLC,New York NY 10018Garment District area,Project ManagerProject Architect,true,true,false,false,0,1,0,1,false,false,0,false,false,false,,
AM Expediting Drafting and Design,Richmond Hill NY 11418,Experienced ArchitectEngineerDrafter,false,true,false,false,0,0,0,0,false,false,0,false,false,false,,
Kahn Architecture  Design PC,Hybrid remote in New York NY 10036,Project Architect  Corporate Interiors,false,true,false,false,0,0,0,0,false,false,0,false,false,false,,
CannonDesign,New York NY 10017Midtown area1 location,Project Architect,true,false,false,false,0,0,0,0,true,false,0,false,false,false,115000,125000
ANDREW SUVALSKY DESIGNS,New York NY 10001Chelsea area,Residential Interior Architect,true,true,false,false,0,0,0,1,false,false,0,false,false,false,65000,70000
New York State Housing Finance Agency,New York NY 10022Midtown area,Senior Architect,true,false,false,false,0,0,0,0,false,false,0,false,false,false,,
Consulting For Architects Inc.,New York NY 10048Financial District area,Project Architect  Workplace Interiors  Revit,true,true,false,false,0,0,0,0,false,false,0,false,false,false,95000,110000
H2M architects  engineers,New York NY 10001Chelsea area,Professional Project Manager PMP Architecture  Design,false,false,false,false,0,0,0,0,false,false,0,false,false,false,80000,120000
NewYork-Presbyterian Hospital,Manhattan NY 10065Upper East Side area,Project Manager - Architecture and Engineering,false,false,false,false,0,0,0,0,false,false,0,false,false,false,,
Jacobs,Remote in New York NY 10002,Architect - Data Center,true,true,false,false,1,0,0,0,true,false,0,false,false,false,,
HDR,New York NY,Senior Revit BIM Designer,true,false,false,false,0,0,0,0,false,false,0,false,false,false,87850,125500
Peter F Gaito  Associates,White Plains NY 10605,Architect,false,true,false,false,0,0,0,0,false,false,0,false,true,false,85216,93961
WATG,Hybrid remote in New York NY 10017,Project Architect,false,true,false,false,0,0,0,0,false,false,0,false,false,false,,
GACE CONSULTING ENGINEERS,New York NY 10001NoMad area,Architect  Engineer - Restoration,false,true,false,false,0,0,0,0,false,false,0,false,false,false,,
BCV Architecture  Interiors,New York NY 10036Midtown area,ARCHITECTURAL DESIGNER,false,true,false,false,0,0,0,0,false,false,0,false,false,false,,
CSA Group,New York NY 10006Financial District area,Project Architect,false,false,false,false,0,0,0,0,false,false,0,false,false,false,115000,140000
Robert Young Architects,New York NY 10001Chelsea area,Project Architect  Manager,false,true,false,false,0,0,0,0,false,false,0,false,false,false,,
Foit-Albert Associates,Queens NY,Project Architect  Architectural Designer  Architectural Technician,true,false,false,false,0,0,0,0,true,false,0,false,false,false,,
Studio Link-Arc,New York NY 10001Garment District area,Intermediate Architect,true,false,false,false,0,0,0,0,true,false,0,false,false,false,,
Stephen Tilly Architect,Dobbs Ferry NY 10522,Senior Architect,false,false,false,false,0,0,0,0,false,false,0,false,false,false,83000,95000
Stantec,New York NY,Project Architect,true,true,false,false,0,1,0,1,true,false,0,false,false,false,103700,129600
HNTB Corporation,New York NY 10176Murray Hill area1 location,Associate Architect II,true,false,false,false,0,0,0,0,false,false,0,false,false,false,,
Jacobs,New York NY 10002Lower East Side area,Architecture Market Sector Leader for Transportation,true,false,false,false,1,0,0,0,false,false,0,false,false,false,150000,190000
ARC Architecture  Design Studio,Forest Hills NY 11375,Project Architect,false,true,false,false,0,0,0,0,false,false,0,false,false,false,70000,85000
Howard L. Zimmerman Architects  Engineers DPC,Hybrid remote in New York NY 10001,Project Associate  Architect,false,true,false,false,0,0,0,0,false,false,0,false,false,false,65000,100000
Burns  McDonnell,Manhattan NY,Senior QAQC Technical Architect - Aviation  Federal Multiple Locations,false,false,false,false,0,0,0,1,true,false,0,false,false,false,,
Vocon Design,New York NY 10036Midtown area,Project Architect,true,true,true,false,1,0,0,0,false,false,1,false,false,false,69000,109000
HDR,New York NY,Design Coordinator 2 Healthcare Education Science and Advance Technologies,true,false,false,false,0,0,0,0,false,false,1,false,false,false,,
HLW,New York NY 10001Chelsea area,Interior Project Architect,true,false,false,false,0,0,0,0,false,false,0,false,false,false,85000,95000
Flad Architects,Hybrid remote in New York NY 10016,Architect,true,true,true,true,0,1,0,0,false,false,0,false,false,true,,
AECOM,Hybrid remote in Clifton NJ,Transportation Architect for NJ Transit Projects,true,true,false,false,0,0,0,0,false,false,0,false,false,false,120000,145000
Kahn Architecture  Design PC,Hybrid remote in New York NY,Project Manager - Architecture,false,true,false,false,0,0,0,0,false,false,0,false,false,false,,
NYC Careers,Queens NY 11101,Senior Design Reviewer,false,true,false,false,0,0,0,0,false,false,0,false,false,false,53702,105000
Grimshaw Architects,New York NY 10014West Village area,Senior Architect,false,true,false,false,0,0,0,0,false,false,0,false,false,false,81000,110000
Epstein Global,New York NY,Project Architect,true,true,false,false,0,0,0,0,false,false,0,false,false,false,80000,120000
HDR,New York NY1 location,Senior Design Coordinator CivicTransportation,true,false,true,false,0,0,0,1,false,false,1,false,false,false,,
US Veterans Health Administration,New York NY,Healthcare EngineerArchitect,false,false,false,false,0,0,0,0,false,false,0,false,false,false,88789,115430
Corgan,New York NY 10118Murray Hill area1 location,Project Architect  Data Centers,true,false,false,false,0,0,0,0,false,false,0,false,false,false,82000,135000
Guerin Glass Architects,Brooklyn NY,Intermediate Architect,true,true,true,false,0,1,0,0,false,false,0,false,false,false,,
JBFCS,New York NY,Architect,false,true,false,false,0,0,0,0,false,false,0,false,false,false,70000,75000
Curtis  Ginsberg Architects,New York NY 10004Financial District area,INTERMEDIATE ARCHITECT,true,false,false,false,0,0,0,0,false,false,0,false,false,false,,
Hatch,Brooklyn NY,Assistant Architect,false,true,false,false,0,0,0,0,false,false,0,false,false,false,70000,110000
Corgan,New York NY 10118Murray Hill area,Architect  Data Centers,false,true,false,false,0,0,0,0,false,false,0,false,false,false,69000,119000
NYC Health  Hospitals,New York NY 10016Gramercy area,Construction Project Manager LIII Licensed Architect,true,true,false,false,0,0,0,0,false,false,0,false,false,false,100000,120000
HLB lighting Design,New York NY 10016NoMad area,Designer,true,true,true,false,0,0,0,0,false,false,0,false,false,true,,
S9 ARCHITECTURE,New York NY,Interior ArchitectDesigner 8 experience,true,true,true,false,0,0,0,0,false,false,0,false,false,false,85000,110000
PerkinsWill,New York NY 10001Chelsea area,Planning  Strategy Consultant  Design Strategy,true,false,false,false,0,0,0,0,false,false,0,false,false,false,80000,100000
New World Design Builders,Clifton NJ 07011,Project Designer  Architect,true,true,false,false,0,1,0,1,false,false,1,false,false,false,80621,115637
Burns  McDonnell,Manhattan NY,Senior Architect - Commercial Aviation Multiple Locations,true,false,false,false,0,0,0,1,false,false,0,false,false,false,,
PerkinsWill,New York NY 10001Chelsea area,Senior Project Manager,true,false,true,false,0,0,0,0,false,false,0,false,false,true,130000,160000
Soho House  Co.,New York NY 10002Lower East Side area,Mid Level Architect,true,false,false,false,0,1,0,0,false,false,0,false,false,false,75000,85000
Arup,New York NY,Senior Project Manager,false,false,false,false,0,0,0,0,false,false,0,false,false,false,135400,190000
PerkinsWill,New York NY 10001Chelsea area,Project Architect,false,false,false,false,0,0,0,0,false,false,0,false,false,false,95000,115000
MP Engineers  Architects,New York NY 10006Financial District area,Senior ArchitectEngineer,false,true,false,false,0,0,0,0,false,false,0,false,false,false,90000,100000
WQB Architecture,New York NY 10017Turtle Bay area,Intermediate Level Architect  Designer,false,false,false,false,0,1,0,0,false,false,0,false,false,false,,
CannonDesign,New York NY 10017Midtown area,Architectural Designer II,true,false,false,false,1,0,0,0,true,false,0,false,false,false,70000,75000
DLR Group,New York NY 10016Gramercy area,Intermediate Laboratory Planner  Designer,true,false,false,false,0,0,0,0,false,false,0,false,false,false,,
HKS Inc.,New York NY 10010Flatiron area,Senior Project Architect - Health,true,true,false,false,1,0,0,1,false,false,0,false,false,false,104000,156000
NK Architects P.A.,Hybrid remote in New York NY 10007,Healthcare Architect - Project Architect - New York,true,false,false,false,1,0,0,0,false,false,0,false,false,false,,
YA Engineering Services LLC,New York NY,Senior Level Forensic Engineer or Architect,false,false,false,false,1,0,0,0,false,false,0,false,false,false,,
Prospect Park Alliance Inc,Brooklyn NY 11215Park Slope area,Senior Architect,false,false,false,false,1,0,0,0,false,false,0,false,false,false,108000,124000
Robson Forensic,Brooklyn NY 11215Park Slope area12 locations,Sr. Licensed Architect,false,false,false,false,1,0,0,0,false,false,0,false,false,false,,
Gensler,New York NY,Project Architect - Health,true,true,false,false,0,1,0,1,true,false,0,false,false,false,,
Perkins Eastman,New York NY 10003Flatiron area,Intermediate Designer,true,true,false,false,0,1,0,1,true,false,0,false,false,false,77000,104000
Perkins Eastman,New York NY 10003Flatiron area,Intermediate Project Designer,true,true,true,false,1,0,0,0,false,false,0,true,false,false,77000,104000
ZGF Architects,New York NY 10011Chelsea area,Mid-Level Laboratory PlannerArchitect,true,false,false,false,0,0,0,0,false,false,0,false,false,false,80000,105000
Cooper Carry Inc,New York NY 10004Financial District area,Project Architect - The Johnson Studio NY,false,false,false,false,1,0,0,0,false,false,0,false,false,false,90000,130000
Epstein Global,New York NY,Project Manager,true,false,false,false,1,0,0,1,false,false,0,false,false,false,,
Schneider Architectural Works,Roslyn NY 11576,Project Manager Architecture,true,true,false,false,0,0,0,0,false,false,0,false,false,false,50000,80000
Gensler,New York NY,Design Manager - Critical FacilitiesGovernment,true,true,true,false,0,1,0,0,false,false,0,false,false,false,,
DLR Group,Remote in New York NY 10016,Specification WriterArchitect,true,false,false,false,0,0,0,1,false,false,0,false,false,false,,
Marvel,New York NY,Intermediate Architect,true,true,true,false,1,0,0,0,false,false,0,false,false,false,,
CREATE Architecture Planning  Design,New York NY 10001Garment District area,Intermediate Architects,true,true,false,false,0,0,0,0,false,false,0,false,false,false,,
Cianbro,Hybrid remote in Iselin NJ 08830,Architect,true,true,false,false,0,0,0,0,false,false,0,false,false,false,,
Wimberly Allison Tong  Goo N.A. Inc.,Hybrid remote in New York NY 10017,Project Architect,false,true,false,false,0,0,0,0,false,false,0,false,false,false,,
Kapuscinski Luongo Architects,New Providence NJ 07974,Project Architect,true,true,false,false,0,0,0,0,false,false,0,false,false,false,57166,113115
WDP  ASSOCIATES,New York NY,Project Engineer  Architect,false,false,false,false,0,0,0,0,false,false,0,false,false,false,,
SYSTRA,New York NY 10018Garment District area,Senior Architect,false,false,false,false,0,0,0,0,false,false,0,false,false,false,,
HDR,New York NY,Architecture Project Manager,false,false,false,false,1,0,0,0,false,false,0,false,false,false,,
RotweinBlake,Livingston NJ 07039,Intermediate Architect,true,false,false,false,0,0,0,0,false,false,0,false,false,false,,
New York State Housing Finance Agency,New York NY 10022Midtown area,Associate Architect,true,false,false,false,0,0,0,0,false,false,0,false,false,false,,
CPA Architecture,West New York NJ 07093,Project Designer Architect,true,true,false,false,0,0,0,0,false,false,0,false,false,false,,
Thornton Tomasetti,New York NY,Architectural Associate - Forensics,true,true,false,false,0,0,0,0,false,false,0,false,false,false,110000,140000
Callison,New York NY,Project Architect,true,false,false,false,0,0,0,0,false,false,0,false,false,false,,
Lawless  Mangione Architects  Engineers,New York NY,Project Architect,false,false,false,false,0,0,0,0,false,false,0,false,false,false,,
Ventura  Partners,New York NY,Project Architect  Engineer,true,false,false,false,0,0,0,0,false,false,0,false,false,false,,
CREATE Architecture Planning  Design,New York NY 10001Garment District area,Senior ArchitectsProject Managers,true,true,false,false,0,0,0,0,false,false,0,false,false,false,,
ZM Financial Systems,New York NY,Project Manager Enterprise Architecture,false,false,false,false,0,0,0,1,false,false,0,false,false,false,109200,181600
E4H - Environments for Health LLC,New York NY 10018Clinton area,Healthcare ArchitectDesigner 5-8 Years of Exp,true,false,false,false,0,0,0,0,false,false,0,false,false,false,75000,95000
Horton Lees Brogden Lighting Design Inc.,New York NY 10016NoMad area,Designer,true,true,true,false,0,0,0,0,false,false,0,false,false,true,,
S9 ARCHITECTURE,New York NY,Senior Project Architect 15 Experience,true,false,true,false,0,0,0,0,true,false,0,false,false,false,95000,130000
Kiewit Corporation,Woodcliff Lake NJ 076771 location,Project Architect - Kiewit Infrastructure Engineers,true,false,true,false,0,0,0,1,false,false,1,false,false,true,92091,138137
CREATE Architecture Planning  Design,New York NY 10001Garment District area,Senior Designer,true,false,false,false,0,0,0,0,false,false,0,false,false,false,,
SIGMA7 design group,New York NY 10016Murray Hill area,Project Architect7 Years,true,true,false,false,0,0,0,0,false,false,0,false,false,false,,
Resource Options Inc.,New York NY,Architectural Project Manager,true,true,true,false,0,1,0,0,false,false,1,false,false,false,150000,200000
ZGF Architects,New York NY 10011Chelsea area,Senior Architect,true,false,false,false,1,0,0,1,false,false,0,false,false,false,102000,144500
S9 ARCHITECTURE,New York NY,Project Architect 8-10 Experience,true,true,true,false,0,0,0,0,true,false,0,false,false,false,80000,120000
VCA,Millburn NJ 07041,Senior Architect,false,true,false,false,0,0,0,0,false,false,0,false,false,false,,
Excelsior Engineering,Englewood Cliffs NJ,Lanndscape Architect,false,true,false,false,0,0,0,0,true,false,0,false,false,false,,
Streetsense,New York NY 10010Gramercy area,Project Designer  Architect Interior Architecture New York Office,true,false,false,false,0,1,0,0,false,false,0,false,false,false,,
HDR,New York NY1 location,Project Architect  Designer,true,false,true,false,0,0,0,0,false,false,1,false,false,true,,
Long Island Tinsmith Supply,Glendale NY 11385,ARCHITECTURAL METAL PANEL PROJECT MANAGER,false,false,false,false,0,0,0,0,false,false,0,false,false,false,,
The Biber Partnership,Summit NJ 07901,Architect,true,true,false,false,0,0,0,0,false,false,0,false,false,false,,
Anderson Campanella ARchitects,Rumson NJ 07760,Project Architect,true,true,false,false,0,0,0,0,false,false,0,false,false,false,71396,76604
Longo Architects  Associates LLC,New Providence NJ 07974,Architect,true,true,false,false,0,1,0,0,false,false,0,false,false,false,,
Russo Development LLC,Carlstadt NJ 07072,Project Architect,false,false,false,false,0,0,0,0,false,false,0,false,false,false,,
Zambrano Architectural Design LLC,Freeport NY 11520,Staff Architectural Designer,true,true,false,false,0,0,0,1,false,false,0,false,false,false,,
Atelier Ten,Hybrid remote in New York NY 10003,Senior Environmental Designer  Project Manager,false,true,true,false,0,0,0,1,false,false,0,false,false,false,,
Ennead Architects,New York NY 10007Financial District area,Senior Architectural Designer Arch3,true,true,true,false,1,0,0,0,false,false,0,false,false,false,,
HLW,Hybrid remote in New York NY 10001,Senior Architectural Designer,true,false,true,false,0,0,0,0,false,false,0,false,false,false,,
NV5,Parsippany NJ 07054,Senior Architect,true,true,false,false,0,0,0,0,false,false,0,false,false,false,110000,150000
Beta Plus Technologies Inc,New York NY 10006Financial District area1 location,Project Manager - Architecture,false,false,false,false,0,0,0,0,false,false,0,false,false,false,130000,150000
Perkins Eastman,New York NY 10003Flatiron area,Project Architect II,true,false,true,false,0,0,0,0,true,false,1,false,false,false,72400,77090
CGL Management Services LLC,New York NY 10019Midtown area,Senior Architectural Design Associate I,true,true,false,false,1,0,0,0,false,false,0,false,false,false,,
Steven Kuo Architect PLLC,Flushing NY 11354,Full-Time Junior Architect,false,false,false,false,0,0,0,0,false,false,0,false,false,false,,
HLB lighting Design,New York NY 10016NoMad area,Senior Designer  Associate Electric Lighting Design and Daylighting Company Wide,true,true,true,false,0,0,0,0,false,false,0,false,false,true,,
HLW,New York NY 10001Chelsea area,Architectural Project Manager,true,true,true,false,0,0,0,0,false,false,0,false,false,true,95000,140000
STV,New York NY 10003Flatiron area,Architectural Designer,true,true,false,false,0,0,0,1,false,false,0,false,false,false,,
Foundation Building Materials LLC,Brooklyn NY 11218Borough Park area,Project Manager  Architectural Door and Window,false,false,false,false,0,0,0,0,false,false,0,false,false,false,,
HNTB Corporation,New York NY 10176Murray Hill area1 location,Project Architect,true,false,false,false,0,0,0,0,false,false,0,false,false,false,,
Jacobs,New York NY 10002Lower East Side area,Architect Project Manager,true,false,false,false,1,0,0,0,false,false,0,false,false,false,143400,188250
STV,New York NY 10003Flatiron area1 location,TransitTransporation Architect,true,true,true,false,1,0,0,1,false,false,0,false,false,false,,
Bolt Design,New York NY,Project ManagerLead Project Designer,false,true,true,false,0,1,0,0,false,false,0,false,false,false,,
Merritt,New York NY 10018Garment District area1 location,Assistant Project Manager - Architectural Woodwork  Construction,false,false,false,false,0,0,0,0,false,false,0,false,false,false,,
Marvel,New York NY,Senior Architect,true,true,false,false,0,0,0,0,false,false,0,false,false,false,,
WDP  Associates Consulting EN,New York NY 10018Clinton area,Project Engineer  Architect,true,true,false,false,0,0,0,0,false,false,0,false,false,false,,
Dubinett Architects,Short Hills NJ 07078,Project Architect,false,true,false,false,0,0,0,0,false,false,0,false,false,false,,
Horton Lees Brogden Lighting Design Inc.,New York NY 10016NoMad area,Senior Designer  Associate Electric Lighting Design and Daylighting Company Wide,true,true,true,false,0,0,0,0,false,false,0,false,false,true,,
Deloitte,New York NY2 locations,Manager Application Architecture - DAS Audit  Assurance Project Omnia,false,false,false,false,0,0,0,0,false,false,0,false,false,false,,
STV,New York NY 10003Flatiron area2 locations,Senior Architect,false,false,false,false,0,0,0,0,false,false,0,false,false,false,,
MARCHETTO HIGGINS STIEVE ARCHITECTS,Hoboken NJ,Architect  Project Manager,true,true,false,false,0,0,0,0,false,false,0,false,false,false,,
InfoTran Engineers  Architects,East Orange NJ 07018,Project Architect-Licensed,true,false,false,false,1,0,0,0,false,false,0,false,false,false,,
Hoffmann Architects and Engineers,New York NY,Mid to Senior-Level Architect  Structural Engineer,false,true,false,false,0,0,0,0,false,false,0,false,false,false,,
InfoTran Engineers  Architects P.C.,East Orange NJ 07018,Project Architect-Licensed,true,false,false,false,1,0,0,0,false,false,0,false,false,false,115000,140000
Jacobs,New York NY 10002Lower East Side area,Senior Project Architect,true,true,false,false,0,0,0,0,true,false,0,false,false,false,100000,115000
Marvel,New York NY,Senior Project Architect,true,true,false,false,0,0,0,0,false,false,0,false,false,false,,
SLM Architecture,Mineola NY 11501,Revit Project Architect Mid-Level,true,true,false,false,0,0,0,0,false,false,0,false,false,false,,
DMR Architects,Hasbrouck Heights NJ 07604,Project Architect,true,false,false,false,0,0,0,0,false,false,0,false,false,false,,
DMR Architects,Hasbrouck Heights NJ 07604,Project Manager,false,false,false,false,1,0,0,0,false,false,0,false,false,false,,
Vocon Design,New York NY 10036Midtown area,Senior Project Architect,true,true,true,false,1,0,0,0,false,false,1,false,false,false,88000,135000
STV,New York NY 10003Flatiron area,Technical Director of Architecture,true,true,false,false,0,0,0,0,false,false,0,false,false,false,,
REX Architecture,New York NY 10013Tribeca area,Architects,true,true,true,false,0,0,0,1,true,false,0,false,false,true,,
Crozier Gedney Architects,Rye NY 10580,Project Architect,true,true,false,false,0,0,0,0,false,false,0,false,false,false,,
Moodys,New York NY 10007Financial District area,Project Manager Enterprise Architecture,false,false,false,false,0,0,0,1,false,false,0,false,false,false,109200,181600
Jacobs,Remote in New York NY 10002,Senior Architect - Data Center,true,true,false,false,1,0,0,0,true,false,0,false,false,false,,
STV,New York NY 10003Flatiron area,Senior Project ArchitectDesign Manager,false,false,false,false,0,0,0,0,false,false,0,false,false,false,,
Liberty Personnel Services,New York NY 10271Financial District area,Licensed Architect,true,true,false,false,1,0,0,0,true,false,0,false,false,false,,
Liberty Personnel Services,New York NY 10013Tribeca area3 locations,Project Architect Science Technology,true,false,true,false,0,0,0,0,false,false,1,false,false,false,100000,150000
TRC Staffing,Manhattan NY 10010Gramercy area,Business Architect,false,false,false,false,0,0,0,0,false,false,0,false,false,false,,
TechniPower Inc.,New York NY,Architect,false,true,false,false,0,0,0,0,false,false,0,false,false,false,,
W3Global Inc,Bronx NY,Associate Director of Architecture-Design  Planning,false,false,false,false,0,0,0,1,false,false,0,false,false,false,,
The LiRo Group,New York NY1 location,Architectural Project Manager,true,true,true,false,0,1,0,0,false,false,1,false,false,false,,
The LiRo Group,New York NY1 location,Architectural Designer,true,true,true,false,0,1,0,0,false,false,1,false,false,false,,
Actalent,New York NY 10001Chelsea area1 location,Architect,true,true,false,false,0,0,0,0,false,false,0,false,false,false,,
Actalent,New York NY 10001Chelsea area1 location,Project Architect,true,false,false,false,0,0,0,0,false,false,0,false,false,false,,
DMC Recruitment,New York NY,Senior Project Architect,true,true,false,false,0,0,0,0,false,false,0,false,false,false,,
Los Angeles Unified School District,Los Angeles CA,Architectural Associate,false,true,false,false,0,0,0,0,false,false,0,false,false,false,,
Callison,Los Angeles CA2 locations,Junior Architect,true,true,false,false,0,0,0,0,false,false,0,false,false,false,,
Electric Bowery,Venice CA,JUNIOR ARCHITECT,true,true,false,false,0,0,0,0,false,false,0,false,false,false,,
BFP Group,Los Angeles CA,Architect- Medical Planner,true,true,false,false,0,0,0,0,false,false,0,false,false,false,80000,100000
Berliner Architects,Culver City CA,Junior Designer,true,true,true,false,0,0,0,0,false,false,0,false,false,false,,
Kenneth Park Architect PLLC,Los Angeles CA 90038Hollywood area1 location,Architects - All levels,true,true,true,false,0,0,0,0,false,false,0,false,false,false,45000,100000
Los Angeles County Department of Human Resources,Los Angeles County CA1 location,ARCHITECT,false,false,false,false,0,0,0,0,false,false,0,false,false,false,106605,136077
Harley Ellis Devereaux,Los Angeles CA 90071,Architect,false,false,false,false,0,0,0,0,false,false,0,false,false,false,,
Next Generation Builders,Los Angeles CA 90026Echo Park area,Senior Architect,false,false,false,false,0,0,0,0,false,false,0,false,false,false,7500,8500
Callison,Los Angeles CA,Architect  Mission Critical,true,false,true,false,0,1,0,0,false,false,0,false,false,false,,
Rios Inc,Los Angeles CA 90018Leimert Park area,DesignerArchitect,true,true,true,false,0,0,0,0,false,false,0,false,false,false,,
Kovac Design Studio,Los Angeles CA,Architect  Designer,true,true,true,false,0,0,0,0,false,false,0,false,false,false,,
Oak Road Capital,West Hollywood CA 90046West Hollywood area,INTERMEDIATE ARCHITECT,true,true,false,false,0,0,0,0,false,false,0,false,false,false,80000,90000
Callison,Los Angeles CA,Senior Architect,true,true,false,false,0,0,0,0,false,false,0,false,false,false,,
HDR,Los Angeles CA 90017Downtown area,Project Architect,true,true,false,false,0,0,0,0,false,false,0,false,false,false,,
Studio ARD Architects,Los Angeles CA 90004,Entry-Level Designer I,false,true,false,false,0,1,0,0,false,false,0,false,false,false,,
HLB lighting Design,Culver City CA 90232,Design Assistant,true,true,true,false,0,0,0,0,false,false,0,false,false,true,,
Impact Housing,Los Angeles CA 90071Downtown area,Architect Level II,true,true,true,false,0,0,0,0,false,false,0,false,false,true,72000,115000
Gruen Associates,Los Angeles CA 90048Carthay area,Intermediate Architect,true,true,true,false,0,0,0,0,false,false,0,false,false,false,68651,103001
ZGF Architects,Los Angeles CA 90071,Mid-Level Architect,true,false,true,false,1,0,0,0,false,false,0,false,false,false,,
Grimshaw Architects,Los Angeles CA 90013,Architect,true,false,true,false,0,0,0,0,false,false,0,false,false,true,70000,95000
Horton Lees Brogden Lighting Design Inc.,Culver City CA 90232,Design Assistant,true,true,true,false,0,0,0,0,false,false,0,false,false,true,,
BRR Architecture,Los Angeles CA,Architect Level I II III - Long Beach,true,true,false,false,0,0,0,0,false,false,0,false,false,false,,
RDC-S111 Inc.,Long Beach CA 90802,Designer - Grocery and Markets,true,false,false,false,0,0,0,0,false,false,0,false,false,false,,
Thornton Tomasetti,Los Angeles CA 90017Downtown area,Architectural Associate - Forensics,true,true,false,false,0,0,0,0,true,false,0,false,false,false,,
Impact Housing,Los Angeles CA 90071Downtown area,Senior Architect,true,false,false,false,1,0,0,0,false,false,0,false,false,false,81000,130000
WATG,Hybrid remote in Los Angeles CA 90071,Project Architect,false,true,false,false,0,0,0,0,false,false,0,false,false,false,,
Rafael Franco  Associates Inc.,Studio City CA 91604,Junior Architect,true,true,false,false,0,1,0,0,false,false,0,false,false,false,,
BRR Architecture,Los Angeles CA,Senior Architect - Long Beach,true,true,false,false,0,0,0,0,false,false,0,false,false,false,,
Corgan,Culver City CA 902302 locations,Project Architect  Data Centers,true,false,false,false,0,0,0,0,false,false,0,false,false,false,,
TJG,Los Angeles CA,Senior Architect,true,false,true,false,0,0,0,0,false,false,0,false,false,true,,
HPI Architecture,Los Angeles County CA,Project Architect,true,false,false,false,0,0,0,0,false,false,0,false,false,false,80000,130000
Laney LA,Hermosa Beach CA 90254,Technical Architect With CD  ArchiCAD Experience,false,false,false,false,0,0,0,0,false,true,0,false,false,false,,
US Air Force Civilian Career Training,Los Angeles CA,Architect,false,false,false,false,0,0,0,0,false,false,0,false,false,false,44740,81805
Relativity Architects RA,Hollywood CA,Project Architect,false,true,false,false,0,1,0,0,false,true,0,false,false,false,,
AECOM,Hybrid remote in Los Angeles CA,Licensed Architect,true,false,false,false,1,0,0,0,false,false,0,false,false,false,,
Dewberry,Pasadena CA 91101Pasadena area,Architect,true,false,false,false,0,1,0,1,false,false,0,false,false,false,,
PerkinsWill,Los Angeles CA 90017,Project Architect,true,false,false,false,0,0,0,0,false,false,0,false,false,false,,
Archeon Group,Los Angeles CA 90010Koreatown area,Designer  Architect II,true,true,false,false,1,0,0,0,false,false,0,false,false,false,,
CO architects,Los Angeles CA,Project Architect  Construction Administrator  K-12,true,false,false,false,0,0,0,0,false,false,0,false,false,false,,
PGAL,Los Angeles CA 90045Westchester area,Project ArchitectDesigner,true,false,false,false,0,0,0,0,false,false,0,false,false,false,,
PerkinsWill,Los Angeles CA 90017,Designer III,true,false,false,false,0,0,0,0,false,false,0,false,false,false,,
Stantec,Los Angeles CA 90017Downtown area,Project Architect - Healthcare,true,true,false,false,0,1,0,1,true,false,0,true,false,false,,
Welch Design Studio - Architectural Firm,El Segundo CA 90245,Residential Architectural Designer - Motivated and Talented,true,true,true,true,0,0,0,0,false,false,0,false,false,false,58950,85000
OMI Consulting LLC,El Segundo CA 90245,Project Architect,true,true,false,false,0,1,0,0,false,true,0,false,false,false,80000,110000
Corgan,Culver City CA 902302 locations,Architect  Healthcare,true,false,false,false,0,0,0,0,false,false,0,false,false,false,,
SweisKloss,Santa Monica CA,Intermediate ArchitectDesigner,false,false,false,false,0,0,0,0,false,true,0,false,false,false,,
AECOM,Los Angeles CA,Architect- Laboratory and High- Technology Facilities,true,false,false,false,0,0,0,0,true,false,0,false,false,false,,
Riley Projects,Los Angeles CA 90034Mid City area,Architect,true,false,false,false,0,0,0,0,false,false,0,false,false,false,85000,110000
Robson Forensic,Remote in Los Angeles CA 90001,Sr. Licensed Architect,false,false,false,false,1,0,0,0,false,false,0,false,false,false,,
PGAL,Los Angeles CA 90045Westchester area1 location,Senior Project ArchitectDesigner,false,false,false,false,0,0,0,0,false,false,0,false,false,false,,
HGA Architects  Engineers,Hybrid remote in Santa Monica CA 90404,Project Architect - Healthcare,true,true,false,false,0,0,0,0,false,false,0,false,false,false,,
Skidmore Owings  Merrill,Los Angeles CA 90071Downtown area,Associate Principal - Design Architect,false,true,false,false,0,0,0,0,false,false,0,false,false,false,,
Aref  Associates,El Segundo CA 90245,Project Architect,false,true,false,false,1,0,0,0,false,false,0,false,false,false,,
ROCKEFELLER KEMPEL ARCHITECTS,El Segundo CA 90245,ARCHITECT  PROJECT MANAGER - LEVEL 1,false,false,false,false,0,0,0,0,false,true,0,false,false,false,50000,65000
SmithGroup Inc.,Los Angeles CA,Lab PlannerLab Architect,true,false,true,false,0,0,0,1,false,false,0,false,false,true,,
Ziemba  Prieto Architects,Burbank CA 91502,Project Architect,false,true,false,false,0,0,0,0,false,false,0,false,false,false,,
CannonDesign,Los Angeles CA 90067Century City area,Project Architect - Yazdani Studio,true,false,false,false,0,0,0,0,true,false,0,false,false,false,,
Synaty Tech,Culver City CA 90230,Senior Project ArchitectManager,true,false,false,false,0,0,0,0,false,false,0,false,false,false,76176,133359
Page Southerland Page Inc,Los Angeles CA 90071,Healthcare Project Architect,false,false,false,false,0,0,0,0,false,false,0,false,false,false,,
Cubework,Walnut CA 91789,Project Architect,true,true,false,false,1,0,0,0,false,false,0,false,false,false,75000,120000
HDR,Los Angeles CA 90017Downtown area,Design Coordinator 1,true,false,true,false,0,0,0,0,false,false,1,false,false,true,,
Zimmerman Associates Inc,Hybrid remote in Los Angeles CA 90004,Senior Project Manager Architecture Los Angeles,false,false,false,false,1,0,0,0,false,false,0,false,false,false,125000,165000
Burns  McDonnell,Los Angeles CA3 locations,Senior Architect - Federal Multiple Locations,false,false,false,false,0,0,0,0,false,false,0,false,false,false,,
ROCKEFELLER KEMPEL ARCHITECTS,El Segundo CA 90245,ARCHITECT  PROJECT MANAGER - LEVEL 2,false,false,false,false,0,0,0,0,false,true,0,false,false,false,50000,75000
CO architects,Los Angeles CA,Project Architect  Laboratory,true,false,false,false,0,0,0,0,false,false,0,false,false,false,,
Creare Mahlen Sieg,Santa Monica CA 90404Mid-City area,INTERIOR Architect-Hospitality,true,true,false,false,0,0,0,1,false,false,1,false,false,false,70000,125000
ca ARCHITECTS,Long Beach CA 90807,PROJECT ARCHITECT,true,false,false,false,1,0,0,0,false,false,0,false,false,false,,
ZGF Architects,Los Angeles CA 90071,Laboratory PlannerArchitect,true,false,false,false,1,0,0,0,false,false,0,false,false,false,,
Ziemba  Prieto Architects,Burbank CA 91502,Sr. Project Architect,false,true,false,false,1,0,0,0,false,false,0,false,false,false,,
JTD Architects,Topanga CA 90290,Project Designer  Project Captain,false,true,false,false,1,0,0,0,false,false,0,false,false,false,,
Ankura,Remote in Los Angeles CA,Director Construction Disputes  Advisory Forensic Architect or Engineer Remote,false,false,false,false,0,0,0,1,false,false,0,false,false,false,,
LCDG Inc,Pasadena CA 91107Pasadena area,Architectural Designer,true,true,false,false,0,0,0,0,true,false,0,false,false,false,55000,75000
HLB lighting Design,Culver City CA 90232,Designer,true,true,true,false,0,0,0,0,false,false,0,false,false,true,,
Cunningham and Associates,Los Angeles CA,Senior Design Manager AE  Design Manager,false,true,false,false,0,0,0,0,false,false,0,false,false,false,130000,183306
DLR Group,Los Angeles CA 900171 location,Project Manager K-12,true,true,false,false,1,0,0,0,false,false,0,false,false,false,,
Stantec,Los Angeles CA 90016Baldwin HillsCrenshaw area,Architectural Designer,true,false,false,false,0,1,0,0,true,false,0,true,false,false,,
Marx Okubo and Assoc.,Hybrid remote in Pasadena CA 91101,Associate  Sr Associate - Architect or Engineer,true,true,false,false,1,0,0,0,true,false,0,false,false,false,,
Cuningham Group,Culver City CA 90232,Architectural Designer,true,false,true,true,0,1,0,0,true,false,0,false,false,true,,
Impact Housing,Los Angeles CA 90071Downtown area1 location,Project Manager Architecture,true,false,false,false,1,0,0,0,false,false,0,false,false,false,95000,120000
ALIGCUS Inc,San Gabriel CA 91776,Assistant Director of Architecture,true,true,true,false,0,0,0,0,false,false,1,false,false,false,,
IBI Group,Hybrid remote in Los Angeles CA 90013,Project Architect,true,false,false,false,0,0,0,0,false,false,0,false,false,false,,
WATG,Hybrid remote in Los Angeles CA 90071,Project Manager - Architecture,true,false,false,false,0,0,0,0,false,false,0,false,false,false,,
The Vertex Companies LLC,Remote in Los Angeles CA,Senior Forensic Architect,false,false,false,false,0,0,0,1,false,false,0,false,false,false,,
Horton Lees Brogden Lighting Design Inc.,Culver City CA 90232,Designer,true,true,true,false,0,0,0,0,false,false,0,false,false,true,,
Arquitectonica,Los Angeles CA 90017,Project Architect,true,true,true,false,0,0,0,0,false,false,0,false,false,true,,
Haynes Oakley,Sierra Madre CA 91024,Architect - Construction Admin,true,false,false,false,0,0,0,0,true,false,0,false,false,false,,
Gensler,Los Angeles CA 90071Downtown area,Design Manager - Cities  Urban Design,true,true,true,false,0,1,0,1,true,false,0,false,false,false,,
Rios Inc,Los Angeles CA 90018Leimert Park area2 locations,Project Designer- Residential,true,true,true,false,0,0,0,0,false,false,0,false,false,false,,
Grimshaw Architects,Los Angeles CA 90013,Senior Architect,true,true,true,false,0,0,0,0,false,false,0,false,false,false,80000,110000
Valerio Architects Inc.,Los Angeles CA 90036Mid Wilshire area,Construction Project Manager  Coordinator for Architecture Firm,false,false,false,false,0,0,0,0,false,false,0,false,false,false,55000,80000
Perkins Eastman,Los Angeles CA 90014,Project Designer,true,true,true,false,0,0,0,0,true,false,0,false,false,false,76600,89300
Impact Solutions,Los Angeles CA,Project ManagerProject Architect,true,false,false,false,0,0,0,1,false,false,0,true,false,false,,
Gensler,Los Angeles CA 90071Downtown area,Design Director - Workplace Office Buildings and Media,true,true,false,false,0,0,0,0,false,false,0,false,false,false,,
Stantec,Los Angeles CA 90017Downtown area,Senior Project Architect Healthcare Architecture,true,true,false,false,0,1,0,1,false,false,0,true,false,false,,
bspk design inc,Venice CA 90291,Project Architect,true,false,true,false,0,0,0,0,false,false,1,false,false,false,60000,80000
Gensler,Los Angeles CA 90071Downtown area3 locations,Project Architect - Sports  Recreation,true,false,false,false,1,0,0,0,false,false,0,false,false,false,,
SweisKloss,Santa Monica CA,Senior Project ArchitectProject Manager,false,false,false,false,0,0,0,0,false,true,0,false,false,false,,
Berliner Architects,Culver City CA,Project Architect,true,true,false,false,1,0,0,0,false,false,0,false,false,false,,
Arquitectonica,Los Angeles CA 90017,Project Manager,true,true,false,false,1,0,0,0,false,false,0,false,false,false,,
Gispan Design,Sherman Oaks CA 91423,Design Project Manager for an Architectural Firm,false,true,false,false,0,0,0,0,false,false,0,false,false,false,,
CRB,Los Angeles CA,Architect - Group Leader,true,false,true,false,0,0,0,1,false,false,0,false,false,false,,
Csrs Llc,Long Beach CA 90804Park Estates area,Architectural Project Manager,false,true,false,false,0,0,0,0,false,false,0,false,false,false,,
Wimberly Allison Tong  Goo N.A. Inc.,Hybrid remote in Los Angeles CA 90071,Project Architect,false,true,false,false,0,0,0,0,false,false,0,false,false,false,,
DLR Group,Hybrid remote in Los Angeles CA 900171 location,Project Architect K-12,true,false,false,false,1,0,0,0,false,false,0,false,false,false,,
Steelman Partners LLP,Los Angeles CA,Architect Project Manager,true,true,false,false,0,0,0,0,false,false,0,false,false,false,,
IBI Group,Hybrid remote in Los Angeles CA 90013,Project Designer - Civic  Municipal,true,true,true,false,0,1,0,0,false,false,0,false,false,true,,
Cuningham Group,Culver City CA 90232,Senior Healthcare Project Architect,true,false,false,false,0,1,0,0,true,false,0,false,false,false,,
Balcony1,Los Angeles CA 91356Tarzana area,Licensed Architect or Structural Engineer Needed,false,false,false,false,0,0,0,0,false,false,0,false,false,false,80000,100000
Rios Inc,Los Angeles CA 90018Leimert Park area,Project DesignerArchitect Hospitality,true,true,true,false,0,0,0,0,false,false,0,false,false,false,,
MVE  Partners INC.,Los Angeles CA 90017,Project Manager - Los Angeles CA,true,true,true,false,0,0,0,0,false,false,0,false,false,false,,
BFP Group,Los Angeles CA,Architect,true,true,false,false,0,0,0,0,false,false,0,false,false,false,80000,100000
Huitt-Zollars Inc.,Los Angeles CA 90013Downtown area,Project Architect,true,false,false,false,0,0,0,1,false,false,0,false,false,false,,
AC Martin Inc,Los Angeles CA 90071Downtown area2 locations,Project Architect AEC Industrial Studio,true,false,false,false,1,0,0,0,false,false,0,false,false,false,,
HDR,Los Angeles CA 90017Downtown area,Senior Project Architect,true,false,true,false,0,0,0,0,false,false,1,false,false,true,,
Haynes Oakley,Sierra Madre CA 91024,Project Manager  Architect,true,false,false,false,0,0,0,0,true,false,0,false,false,false,,
WATG Holdings Inc.,Hybrid remote in Los Angeles CA 90071,Project Manager - Architecture,true,false,false,false,0,0,0,0,true,false,0,false,false,false,,
RDC-S111 Inc.,Long Beach CA 908021 location,Interior Project Designer,true,false,false,false,0,0,0,0,false,false,0,false,false,false,,
KTGY Group Inc.,Hybrid remote in Los Angeles CA 90013,Director Architecture Design Multi-FamilyHousing,true,true,false,false,1,0,0,1,false,false,0,false,false,false,,
ARYA Group Inc.,Los Angeles CA 90025Westwood area,Project Architect,true,true,true,false,0,0,0,0,false,false,0,false,false,false,,
Impact Housing,Los Angeles CA 90071Downtown area,Lead Architect,true,false,false,false,1,0,0,0,false,false,0,false,false,false,81000,130000
Gensler,Los Angeles CA 90071Downtown area,Project Manager - Healthcare - Senior,true,false,false,false,1,0,0,0,false,false,0,false,false,false,,
Impact Housing,Los Angeles CA 90071Downtown area,Architect Level III,true,false,false,false,1,0,0,0,false,false,0,false,false,false,81000,130000
Burns  McDonnell,Brea CA,LTE Core Architect - Networks Integration  Automation Multiple Locations,false,false,false,false,0,0,0,0,false,false,0,false,false,false,,
HDR,Los Angeles CA 90017Downtown area,Senior Design Coordinator,false,false,false,false,0,0,0,0,false,false,0,false,false,false,,
HOK,Culver City CA 90232,Project Designer,true,false,true,false,1,0,0,0,false,false,1,false,false,true,,
USC,Los Angeles CA,Senior Project Manager,false,false,false,false,1,0,0,0,false,false,0,false,false,false,,
Lalloo Associates,Los Angeles CA,Licensed ArchitectEnginee,false,false,false,false,0,0,0,0,false,false,0,false,false,false,,
Harley Ellis Devereaux,Los Angeles CA 90071,Project Manager - k-12 Sector,true,false,false,false,1,0,0,0,true,false,0,false,false,false,,
SmithGroup Inc.,Los Angeles CA,Project Architect,true,true,false,false,0,0,0,0,false,false,0,false,false,false,,
Rios Inc,Los Angeles CA 90018Leimert Park area,Technical Architect,true,true,true,false,1,0,0,0,false,false,0,false,false,false,,
AC Martin Inc,Los Angeles CA 90071Downtown area,Project Manager AEC,true,false,false,false,1,0,0,0,false,false,0,false,false,false,,
Arquitectonica,Los Angeles CA 90017,Junior Architect,true,false,false,false,0,1,0,0,false,false,0,false,false,false,,
HKS Inc.,Los Angeles CA,Project Architect - Hospitality,true,true,false,false,1,0,0,1,false,false,0,false,false,false,,
The Jerde Partnership,Los Angeles CA 90071Downtown area,Senior Project Manager,false,false,false,false,0,0,0,0,false,false,0,false,false,false,,
Gensler,Los Angeles CA 90071Downtown area,Designer - Sports Facilities - Senior,true,false,false,false,1,1,0,0,true,false,0,false,false,false,,
RSH,Los Angeles CA 90045Westchester area,Principal Architect,false,false,false,false,0,0,0,0,false,false,0,false,false,false,,
SmithGroup Inc.,Los Angeles CA,Senior Project Architect - HealthCare,true,false,false,false,0,0,0,0,false,false,0,false,false,false,,
Burns  McDonnell,Brea CA,Staff Architect - Aviation  Federal Brea,true,false,false,false,0,0,0,1,false,false,0,false,false,false,,
The Jerde Partnership,Los Angeles CA 90071Downtown area,Project Architect,false,false,false,false,0,0,0,0,false,false,0,false,false,false,,
Callison,Los Angeles CA,Senior Project Architect,false,false,false,false,0,0,0,0,false,false,0,false,false,false,,
Zimmerman  Associates,Los Angeles CA 90004East Hollywood area,Senior Project Manager -- Architecture -- Melrose,true,false,false,false,1,0,0,0,false,false,0,false,false,false,125000,150000
Skanska USA,Los Angeles CA 90071Downtown area,Project Manager - SIS,true,false,false,false,0,0,0,0,false,false,0,false,false,false,115000,172500
SmithGroup Inc.,Los Angeles CA,Interior Architect,true,true,false,false,0,0,0,0,false,false,0,false,false,false,,
Harley Ellis Devereaux,Los Angeles CA 900711 location,Project Architect - Multifamily Housing,true,false,true,false,0,0,0,0,true,false,0,false,false,false,,
RDC-S111 Inc.,Long Beach CA 90802,Project Architect- Store Planning,true,false,false,false,1,0,0,0,false,false,0,false,false,false,,
HOK,Culver City CA 90232,Design Specialist,true,false,true,false,0,1,0,1,false,false,0,false,false,false,,
HNTB Corporation,Los Angeles CA 900061 location,PrincipalSenior Project Manager- Aviation,false,false,false,false,1,0,0,0,false,false,0,false,false,false,,
Stantec,Los Angeles CA 90017Downtown area3 locations,Architectural Project Manager,true,true,false,false,0,0,0,1,false,false,0,true,false,false,,
Eigelberger Architecture  Design,Venice CA,Project ManagerArchitects,true,true,true,false,0,1,0,0,false,false,1,false,false,false,,
HOK,Culver City CA 90232,Sr Design Professional,true,true,true,false,0,0,0,1,false,false,0,false,false,true,,
HNTB Corporation,Los Angeles CA 90006,Architectural Project Designer - Aviation,true,true,true,false,0,0,0,0,false,false,0,false,false,false,,
GL Planning  Design,Sherman Oaks CA 91403,JUNIOR ARCHITECTURAL DESIGNER  Southern California,true,true,false,false,0,0,0,0,false,false,0,false,false,false,,
Callison,Los Angeles CA,Senior Project Manager - Commercial Mixed,false,false,false,false,1,0,0,0,false,false,0,false,false,false,,
NBBJ,Los Angeles CA 90014Downtown area,Intermediate Architectural Designer,true,false,true,false,0,0,0,0,false,false,0,false,false,true,,
Callison,Los Angeles CA,Project Architect - Multi-Family Residential  Commercial Mixed,true,true,false,false,1,0,0,0,false,false,0,false,false,false,,
KSA Design Studio,Culver City CA 90232,Hardscape Designer,true,true,true,false,0,1,0,1,true,false,0,false,false,false,,
Gensler,Los Angeles CA 90071Downtown area,Project Manager Design Manager - Architecture - Senior,true,true,true,false,1,0,0,1,true,false,0,false,false,false,,
STV,Los Angeles CA 90017,Design Manager  Senior Architect,false,false,false,false,0,0,0,0,false,false,0,false,false,false,,
CannonDesign,Los Angeles CA 90067Century City area,Architectural Designer II,true,false,false,false,1,0,0,0,true,false,0,false,false,false,,
Suffolk Construction Company Inc.,Los Angeles CA 90071Downtown area,Senior Director Architecture,true,false,false,false,1,0,0,0,false,false,0,false,false,false,,
Horton Lees Brogden Lighting Design Inc.,Culver City CA 90232,Senior Designer,true,true,true,false,0,0,0,0,false,false,0,false,false,true,,
Creare Mahlen Sieg,Los Angeles CA 90017Downtown area,Architectural Project Manager,true,true,true,false,0,0,0,0,false,false,0,false,false,true,90000,145000
ZGF Architects,Los Angeles CA 90071,Senior Healthcare Project Manager,true,false,false,false,1,0,0,0,true,false,0,false,false,false,,
Burns  McDonnell,Brea CA,Assistant Architect - Aviation  Federal Brea,true,false,false,false,0,0,0,1,false,false,0,false,false,false,,
HLB lighting Design,Culver City CA 90232,Senior Designer,true,true,true,false,0,0,0,0,false,false,0,false,false,true,,
Deloitte,Manhattan Beach CA 902661 location,Manager Application Architecture - DAS Audit  Assurance Project Omnia,false,false,false,false,0,0,0,0,false,false,0,false,false,false,,
Studio ARD Architects,Los Angeles CA 90004,Architectural Designer I,false,true,false,false,0,1,0,0,false,false,0,false,false,false,,
Rios Inc,Los Angeles CA 90018Leimert Park area1 location,Senior Project Designer,true,false,true,false,1,0,0,0,true,false,0,false,false,false,,
Clayco,Culver City CA,Senior Project Manager - BatterySemiconductor,true,true,false,false,1,1,0,1,false,false,0,false,false,false,,
Rios Inc,Los Angeles CA 90018Leimert Park area,Senior Project Architect Hospitality,true,false,true,false,1,0,0,0,true,false,0,false,false,false,,
AC Martin Inc,Los Angeles CA 90071Downtown area,Senior Project Architect-Multi-FamilyMixed-UseHospitality,true,true,false,false,1,0,0,0,false,false,0,false,false,false,,
Skidmore Owings  Merrill,Los Angeles CA 90071Downtown area,Senior Technical Designer - Architecture,true,true,true,false,1,0,0,0,false,false,0,false,false,false,,
NBBJ,Los Angeles CA 90014Downtown area,Senior Architectural Designer - Healthcare Practice,true,false,true,false,0,0,0,0,false,false,0,false,false,true,,
HNTB Corporation,Los Angeles CA 90006,Project Designer - Emerging Technologies,true,false,true,true,0,0,0,0,false,false,0,false,false,true,,
HNTB Corporation,Los Angeles CA 90006,Sr. Architectural Project Designer - Aviation Open,true,true,true,false,0,0,0,0,false,false,0,false,false,false,,
SIRIS,Long Beach CA 90822,ARCHITECTENGINEER - MEDICAL PLANNERCMPM,false,false,false,false,0,0,0,0,false,false,0,false,false,false,,
Cuningham Group,Culver City CA 90232,Healthcare Project Architect,true,false,false,false,0,1,0,0,true,false,0,false,false,false,,
Gannett Fleming Inc.,Los Angeles CA 90071Downtown area1 location,Sr. Project Architect,true,false,false,false,1,0,0,1,true,false,0,false,false,false,,
Impact Housing,Los Angeles CA 90071Downtown area1 location,Senior Project Manager,true,false,false,false,1,0,0,0,false,false,0,false,false,false,125000,145000
